<?xml version="1.0"?>
<!--
/**
 * @category  Trustedshops
 * @package   Trustedshops\Trustedshops
 * @author    Trusted Shops GmbH
 * @copyright 2016 Trusted Shops GmbH
 * @license   http://opensource.org/licenses/osl-3.0.php  Open Software License (OSL 3.0)
 * @link      http://www.trustedshops.de/
 */
-->
<config xmlns:xsi="http://www.w3.org/2001/XMLSchema-instance" xsi:noNamespaceSchemaLocation="urn:magento:framework:Acl/etc/acl.xsd">
    <acl>
        <resources>
            <resource id="Magento_Backend::admin">
                <resource id="Magento_Backend::stores">
                    <resource id="Magento_Backend::stores_settings">
                        <resource id="Magento_Config::config">
                            <resource id="Trustedshops_Trustedshops::trustedshops_trustedshops" title="Trusted Shops"/>
                        </resource>
                    </resource>
                </resource>
            </resource>
        </resources>
    </acl>
</config>