<?xml version="1.0"?>
<!--
/**
 * Copyright © 2016 MB Vienas bitas. All rights reserved.
 * @website    www.magetrend.com
 * @package    MT Email for M2
 * @author     Edvinas Stulpinas <edwin@magetrend.com>
 */
-->
<config xmlns:xsi="http://www.w3.org/2001/XMLSchema-instance" xsi:noNamespaceSchemaLocation="../../../../../lib/internal/Magento/Framework/Acl/etc/acl.xsd">
    <acl>
        <resources>
            <resource id="Magento_Backend::admin">
                <resource id="Magento_Backend::stores">
                    <resource id="Magento_Backend::stores_settings">
                        <resource id="Magento_Config::config">
                            <resource id="Magetrend_Email::config_mtemail" title="Magetrend MT Email" sortOrder="9999" />
                            <resource id="Magetrend_Email::config_magetrend" title="Magetrend Licenses and Extensions" sortOrder="99995" />
                        </resource>
                    </resource>
                </resource>
            </resource>
        </resources>
    </acl>
</config>